,COMB1_Delta,COMB2_Delta,COMB3_Delta,COMB4_Delta,COMB1_Theta,COMB2_Theta,COMB3_Theta,COMB4_Theta,COMB1_Alpha,COMB2_Alpha,COMB3_Alpha,COMB4_Alpha,COMB1_Beta,COMB2_Beta,COMB3_Beta,COMB4_Beta,COMB1_Gamma,COMB2_Gamma,COMB3_Gamma,COMB4_Gamma
0,-inf,-inf,-inf,-inf,-inf,-inf,-inf,-inf,-inf,-inf,-inf,-inf,-inf,-inf,-inf,-inf,-inf,-inf,-inf,-inf
,COMB1_Delta,COMB2_Delta,COMB3_Delta,COMB4_Delta,COMB1_Theta,COMB2_Theta,COMB3_Theta,COMB4_Theta,COMB1_Alpha,COMB2_Alpha,COMB3_Alpha,COMB4_Alpha,COMB1_Beta,COMB2_Beta,COMB3_Beta,COMB4_Beta,COMB1_Gamma,COMB2_Gamma,COMB3_Gamma,COMB4_Gamma
0,inf,inf,inf,inf,inf,inf,inf,inf,inf,inf,inf,inf,inf,inf,inf,inf,inf,inf,inf,inf
,COMB1_Delta,COMB2_Delta,COMB3_Delta,COMB4_Delta,COMB1_Theta,COMB2_Theta,COMB3_Theta,COMB4_Theta,COMB1_Alpha,COMB2_Alpha,COMB3_Alpha,COMB4_Alpha,COMB1_Beta,COMB2_Beta,COMB3_Beta,COMB4_Beta,COMB1_Gamma,COMB2_Gamma,COMB3_Gamma,COMB4_Gamma
0,0.07507480886913938,0.045876951477071916,-0.020659834768766958,-0.019012829617334234,-0.025444747757105736,-0.022782587459664463,-0.022156454836176363,-0.008664907244162185,-0.005565223201697007,0.03668460451222219,0.024802170275136898,0.0055892389526955655,0.03328368291006352,0.009016278485215858,0.01043387686239834,0.0014523901073515701,0.029500087460829046,0.011011974718818984,0.015323925295290905,0.009409529223261345
,COMB1_Delta,COMB2_Delta,COMB3_Delta,COMB4_Delta,COMB1_Theta,COMB2_Theta,COMB3_Theta,COMB4_Theta,COMB1_Alpha,COMB2_Alpha,COMB3_Alpha,COMB4_Alpha,COMB1_Beta,COMB2_Beta,COMB3_Beta,COMB4_Beta,COMB1_Gamma,COMB2_Gamma,COMB3_Gamma,COMB4_Gamma
0,0.07082611302329245,0.045946742012261316,0.030406335597109233,-0.04385941509010513,-0.03310410853490754,-0.046363486170208246,-0.031644887657034694,-0.01418483362071898,-0.044235148216642955,-0.021556138561886644,-0.0064223875476981055,-0.01704410071288934,-0.01808077003008379,-0.013969038400909333,0.009227930633919247,-0.004798525476371132,0.017104760644509845,0.004035702100758828,0.01526757895210538,0.007565422819372702
