,COMB1_Delta,COMB2_Delta,COMB3_Delta,COMB4_Delta,COMB1_Theta,COMB2_Theta,COMB3_Theta,COMB4_Theta,COMB1_Alpha,COMB2_Alpha,COMB3_Alpha,COMB4_Alpha,COMB1_Beta,COMB2_Beta,COMB3_Beta,COMB4_Beta,COMB1_Gamma,COMB2_Gamma,COMB3_Gamma,COMB4_Gamma
0,-inf,-inf,-inf,-inf,-inf,-inf,-inf,-inf,-inf,-inf,-inf,-inf,-inf,-inf,-inf,-inf,-inf,-inf,-inf,-inf
,COMB1_Delta,COMB2_Delta,COMB3_Delta,COMB4_Delta,COMB1_Theta,COMB2_Theta,COMB3_Theta,COMB4_Theta,COMB1_Alpha,COMB2_Alpha,COMB3_Alpha,COMB4_Alpha,COMB1_Beta,COMB2_Beta,COMB3_Beta,COMB4_Beta,COMB1_Gamma,COMB2_Gamma,COMB3_Gamma,COMB4_Gamma
0,inf,inf,inf,inf,inf,inf,inf,inf,inf,inf,inf,inf,inf,inf,inf,inf,inf,inf,inf,inf
,COMB1_Delta,COMB2_Delta,COMB3_Delta,COMB4_Delta,COMB1_Theta,COMB2_Theta,COMB3_Theta,COMB4_Theta,COMB1_Alpha,COMB2_Alpha,COMB3_Alpha,COMB4_Alpha,COMB1_Beta,COMB2_Beta,COMB3_Beta,COMB4_Beta,COMB1_Gamma,COMB2_Gamma,COMB3_Gamma,COMB4_Gamma
0,0.08998944473885105,0.025567932837612564,0.05882165350677085,0.033916861503156946,0.004634078772629534,0.019135104938188947,0.015307831353044877,0.035851255245049264,0.014582668938660115,0.008896331731230757,-0.010595080617057355,0.020567155265271704,-0.0008494877397205997,-0.0026535253867117116,0.03995944888133885,0.06578907391407789,0.003802351763264732,0.026546978489254035,-0.007703576788140115,0.014728294555636194
,COMB1_Delta,COMB2_Delta,COMB3_Delta,COMB4_Delta,COMB1_Theta,COMB2_Theta,COMB3_Theta,COMB4_Theta,COMB1_Alpha,COMB2_Alpha,COMB3_Alpha,COMB4_Alpha,COMB1_Beta,COMB2_Beta,COMB3_Beta,COMB4_Beta,COMB1_Gamma,COMB2_Gamma,COMB3_Gamma,COMB4_Gamma
0,0.1530322855759443,0.07883974172852055,0.10381730716070188,0.09354243274485925,0.023404101062649233,0.010752146149288913,-0.0043763798726270085,-0.011189920330662146,-0.01595784257922714,0.027007554111938364,-0.041802497262677624,0.0062408742678190625,-0.014022235940321266,0.03640744424363345,0.018672000705902532,0.062122294440339905,0.00806198796489122,0.018640108744981235,0.005233659825798368,0.03667298898130932
